INSERT INTO public.unicorn_entity(name, color, entity_creator, has_wings, speed) VALUES
('zevxkkernxzais', 'Blue', 'jdedclnhssppxu', true, 150),
('vsbpbvybflbcob', 'Blue', 'gqctvybtcfmoon', false, 150),
('poikreqdsrxbhp', 'Blue', 'szoctbhlfvxbeq', false, 150),
('onnhxgyearczgt', 'Blue', 'dtzubkdzojtmkh', false, 150),
('tvidgxvqvzyktz', 'Blue', 'qkoesyetnritlp', false, 150),
('snitjkrcjztnol', 'Blue', 'sgpehkfdbhiphe', false, 150),
('xsntkjugyfwkdv', 'Blue', 'dofzlsgqbgxdut', false, 150),
('fdtwieauqwiico', 'Blue', 'uajbteykadlyjp', true, 150),
('vembwmdsfiojab', 'Blue', 'sjkyzmxdytyvvm', true, 150),
('jcorinbsynvnap', 'Blue', 'yupsrgnfgmczqn', true, 150);INSERT INTO public.magic_entity(name, entity_creator, power, spell) VALUES
('rxmamafnpdiqax', 'twnljsccatclrd', 50, 'Fire'),
('avbnlxqqmxcimw', 'ninuvepxgdfpbf', 50, 'Fire'),
('auonpeqprnuffp', 'howeopdteiooap', 50, 'Fire'),
('wcusfyewypbnmw', 'zxepyovvjugvut', 50, 'Fire'),
('vzceyutedbjhvo', 'lwqikufhdhgxhb', 50, 'Fire'),
('kyacpsvxhumubb', 'eeqtovnwjdfset', 50, 'Fire'),
('xrosvockgagwgo', 'fzcxmhccfidmlb', 50, 'Fire'),
('ytonbhitrqnqie', 'exobmfhnapynev', 50, 'Fire'),
('pfaawdxwwbrtzr', 'cycatghwybwiby', 50, 'Fire'),
('lzpjajyfauoaxg', 'rrgoyrpkavxrli', 50, 'Fire');INSERT INTO public.unicorn_entity_magic_entities(unicorn_entities_name, magic_entities_name) VALUES
('snitjkrcjztnol', 'avbnlxqqmxcimw'),
('jcorinbsynvnap', 'auonpeqprnuffp'),
('snitjkrcjztnol', 'avbnlxqqmxcimw'),
('snitjkrcjztnol', 'avbnlxqqmxcimw'),
('poikreqdsrxbhp', 'avbnlxqqmxcimw'),
('snitjkrcjztnol', 'lzpjajyfauoaxg'),
('fdtwieauqwiico', 'wcusfyewypbnmw'),
('fdtwieauqwiico', 'lzpjajyfauoaxg'),
('tvidgxvqvzyktz', 'avbnlxqqmxcimw'),
('xsntkjugyfwkdv', 'avbnlxqqmxcimw');